# A part-of-speech dictionary that's used additionally to the binary dictionary (*.dict).
# This does not add words to the spell checker, see hunspell/spelling.txt for that.
# File Encoding: UTF-8
# Format: three tab-separated fields: fullform baseform postags
13TV	13TV	NPCNO00
8TV	8TV	NPCNO00
Anasagasti	Anasagasti	NPCNSP0
Arrieta	Arrieta	NPCNSP0
Arteaga	Arteaga	NPCNSP0
Austen	Austen	NPCNSP0
B2B	B2B	AQ0CN0
Balzac	Balzac	NPCNSP0
Barceló	Barceló	NPCNSP0
Bilderberg	Bilderberg	NPCNSP0
Bingen	Bingen	NPCSG00
Boateng	Boateng	NPCNSP0
Buenavista	Buenavista	NPCSG00
Burckhardt	Burckhardt	NPCNSP0
CAM	CAM	NPFSO00
CFE	CFE	NPFSO00
CIE	CIE	NCMN000
CMYK	CMYK	AQ0CN0
Carol	Carol	NPFSSP0
Castells	Castells	NPCNSP0
Collins	Collins	NPCNSP0
Copperfield	Copperfield	NPCNSP0
Cris	Cris	NPCSSP0
Cuautitlán	Cuautitlán	NPCSG00
Davos	Davos	NPCSG00
Dimitri	Dimitri	NPMSSP0
Dr	Dr	NCMS000
Dra	Dr	NCFS000
Dras	Dr	NCFP000
Dres	Dr	NCMP000
Drácula	Drácula	NPMSSP0
Dráculas	Drácula	NPMPSP0
Enríquez	Enríquez	NPCNSP0
FEDER	FEDER	NPMNO00
Filo	Filo	NPMSSP0
Fleming	Fleming	NPCNSP0
Foucault	Foucault	NPCNSP0
GDPR	GDPR	NPMSO00
Gabilondo	Gabilondo	NPCNSP0
Gales	Gales	NPCSG00
Garcés	Garcés	NPCNSP0
Gioachino	Gioachino	NPMSSP0
Giovanna	Giovanna	NPFSSP0
Gulliver	Gulliver	NPMSSP0
HDD	HDD	NCCN000
Harley	Harley	NPCNO00
Harley-Davidson	Harley-Davidson	NPCNO00
Hildegarda	Hildegarda	NPFSSP0
Huancayo	Huancayo	NPCSG00
Händel	Händel	NPCNSP0
Iztapalapa	Iztapalapa	NPCSG00
Iñaki	Iñaki	NPMSSP0
Janet	Janet	NPFSSP0
Jocelyn	Jocelyn	NPCNSP0
Kamala	Kamala	NPFSSP0
Kardashian	Kardashian	NPCNSP0
Kodak	Kodak	NPCNO00
Londoño	Londoño	NPCNSP0
Lukashenko	Lukashenko	NPCNSP0
March	March	NPCNSP0
McCarthy	McCarthy	NPCNSP0
Mitterrand	Mitterrand	NPCNSP0
MotoGP	MotoGP	NPCNO00
Méjico	Méjico	NPCSG00
México	México	NPCSG00
Nahualate	Nahualate	NPMSG00
Ordaz	Ordaz	NPCNSP0
Pergolesi	Pergolesi	NPCNSP0
Quirós	Quirós	NPCNSP0
RENFE	RENFE	NPCNO00
RGPD	RGPD	NPMSO00
Renfe	Renfe	NPCNO00
Rolls-Royce	Rolls-Royce	NPCNSP0
Rossini	Rossini	NPCNSP0
SSD	SSD	NCCN000
Schopenhauer	Schopenhauer	NPCNSP0
Schumann	Schumann	NPCNSP0
Schumpeter	Schumpeter	NPCNSP0
Spinoza	Spinoza	NPCNSP0
Sr	Sr	NCMS000
Sra	Sr	NCFS000
Sras	Sr	NCFP000
Sres	Sr	NCMP000
Stendhal	Stendhal	NPMSSP0
Stephanie	Stephanie	NPFSSP0
Tarkovski	Tarkovski	NPCNSP0
Telmex	Telmex	NPCNO00
Tláhuac	Tláhuac	NPCSG00
UNAM	UNAM	NPFSO00
Urdangarin	Urdangarin	NPCNSP0
Valdano	Valdano	NPCNSP0
Varela	Varela	NPCNSP0
Zapotitlán	Zapotitlán	NPCSG00
abierta	abierto	AQ0FS0
abiertas	abierto	AQ0FP0
abierto	abierto	AQ0MS0
abierto	abierto	NCMS000
abiertos	abierto	AQ0MP0
abiertos	abierto	NCMP000
accionante	accionante	AQ0CS0
accionantes	accionante	AQ0CP0
alterne	alterne	NCMS000
alternes	alterne	NCMP000
alunicero	alunicero	NCMS000
aluniceros	alunicero	NCMP000
amarillísima	amarillísimo	AQAFS0
amarillísimas	amarillísimo	AQAFP0
amarillísimo	amarillísimo	AQAMS0
amarillísimos	amarillísimo	AQAMP0
antipulgas	antipulgas	AQ0CN0
aplastador	aplastador	NCMS000
aplastadores	aplastador	NCMP000
autoamnistía	autoamnistía	NCFS000
autoamnistías	autoamnistía	NCFP000
autofactura	autofactura	NCFS000
autofacturas	autofactura	NCFP000
biocida	biocida	AQ0CS0
biocidas	biocida	AQ0CP0
bioclima	bioclima	NCMS000
bioclimas	bioclima	NCMP000
biomimesis	biomimesis	NCFN000
biomimética	biomimética	NCFS000
biomiméticas	biomimética	NCFP000
bolsita	bolsita	NCFS000
bolsitas	bolsita	NCFP000
caché	caché	NCCS000
cachés	caché	NCCP000
casoplones	casoplón	NCMP000
casoplón	casoplón	NCMS000
catexis	catexis	NCFN000
cebollita	cebollita	NCFS000
cebollitas	cebollita	NCFP000
cetogénica	cetogénico	AQ0FS0
cetogénicas	cetogénico	AQ0FP0
cetogénico	cetogénico	AQ0MS0
cetogénicos	cetogénico	AQ0MP0
cetógena	cetógeno	AQ0FS0
cetógenas	cetógeno	AQ0FP0
cetógeno	cetógeno	AQ0MS0
cetógenos	cetógeno	AQ0MP0
cibercondría	cibercondría	NCFS000
cibercondrías	cibercondría	NCFP000
comanda	comanda	NCFS000
comandas	comanda	NCFP000
conspiranoica	conspiranoico	AQ0FS0
conspiranoicas	conspiranoico	AQ0FP0
conspiranoico	conspiranoico	AQ0MS0
conspiranoicos	conspiranoico	AQ0MP0
corista	corista	NCCS000
coristas	corista	NCCP000
croma	croma	NCMS000
cromas	croma	NCMP000
desborde	desborde	NCMS000
desbordes	desborde	NCMP000
desdoble	desdoble	NCMS000
desdobles	desdoble	NCMP000
deslactosada	deslactosada	AQ0FS0
deslactosadas	deslactosada	AQ0FP0
dibujito	dibujito	NCMS000
dibujitos	dibujito	NCMP000
dícese	decir	VMIP3S0+PP3CN000
ecoeficiencia	ecoeficiencia	NCFS000
ecoeficiencias	ecoeficiencia	NCFP000
ecoeficiente	ecoeficiente	AQ0CS0
ecoeficientes	ecoeficiente	AQ0CP0
ecoimpostura	ecoimpostura	NCFS000
ecoimposturas	ecoimpostura	NCFP000
gateo	gateo	NCMS000
gateos	gateo	NCMP000
homoclima	homoclima	NCMS000
homoclimas	homoclima	NCMP000
juancarlismo	juancarlismo	NCMS000
juancarlista	juancarlista	AQ0CS0
juancarlistas	juancarlista	AQ0CP0
libido	libido	NCFS000
libidos	libido	NCFP000
macroclima	macroclima	NCMS000
macroclimas	macroclima	NCMP000
macroincendio	macroincendio	NCMS000
macroincendios	macroincendio	NCMP000
mañosísima	mañosísimo	AQAFS0
mañosísimas	mañosísimo	AQAFP0
mañosísimo	mañosísimo	AQAMS0
mañosísimos	mañosísimo	AQAMP0
megacontrato	megacontrato	NCMS000
megacontratos	megacontrato	NCMP000
megalópolis	megalópolis	NCFN000
megaplanes	megaplán	NCMP000
megaplán	megaplán	NCMS000
megatendencia	megatendencia	NCFS000
megatendencias	megatendencia	NCFP000
mensajito	mensajito	NCMS000
mensajitos	mensajito	NCMP000
mesoclima	mesoclima	NCMS000
mesoclimas	mesoclima	NCMP000
mousse	mousse	NCCS000
mousses	mousse	NCCP000
multirreincidencia	multirreincidencia	NCFS000
multirreincidencias	multirreincidencia	NCFP000
multirreincidente	multirreincidente	AQ0CS0
multirreincidentes	multirreincidente	AQ0CP0
olivar	olivar	NCMS000
olivares	olivar	NCMP000
pH	pH	NCMN000
paleoclima	paleoclima	NCMS000
paleoclimas	paleoclima	NCMP000
percápita	percápita	AQ0CN0
perroflauta	perroflauta	NCCS000
perroflautas	perroflauta	NCCP000
planteo	planteo	NCMS000
planteos	planteo	NCMP000
preciosísima	preciosísimo	AQAFS0
preciosísimas	preciosísimo	AQAFP0
preciosísimo	preciosísimo	AQAMS0
preciosísimos	preciosísimo	AQAMP0
preparacionista	preparacionista	AQ0CS0
preparacionistas	preparacionista	AQ0CP0
promercado	promercado	AQ0CN0
readecuaciones	readecuación	NCFP000
readecuación	readecuación	NCFS000
redondita	redondito	AQ0FS0
redonditas	redondito	AQ0FP0
redondito	redondito	AQ0MS0
redonditos	redondito	AQ0MP0
reidentificaciones	reidentificación	NCFP000
reidentificación	reidentificación	NCFS000
reinscripciones	reinscripción	NCFP000
reinscripción	reinscripción	NCFS000
salita	salita	NCFS000
salitas	salita	NCFP000
schumpeteriana	schumpeteriano	AQ0FS0
schumpeterianas	schumpeteriano	AQ0FP0
schumpeteriano	schumpeteriano	AQ0MS0
schumpeterianos	schumpeteriano	AQ0MP0
scooter	scooter	NCCS000
scooters	scooter	NCCP000
sintecho	sintecho	NCMS000
sintechos	sintecho	NCMP000
sobrecoste	sobrecoste	NCMS000
sobrecostes	sobrecoste	NCMP000
stracciatella	stracciatella	NCFS000
suavecita	suavecito	AQ0FS0
suavecitas	suavecito	AQ0FP0
suavecito	suavecito	AQ0MS0
suavecitos	suavecito	AQ0MP0
taliones	talión	NCMP000
talión	talión	NCMS000
tecnoestrés	tecnoestrés	NCMS000
troleo	troleo	NCMS000
troleos	troleo	NCMP000
vampira	vampiro	NCFS000
vampiras	vampiro	NCFP000
